{"cameraMode":{"drawMode":0,"name":"Shaded","section":"Shading Mode"},"sceneLighting":true,"audioPlay":false,"sceneViewState":{"m_AlwaysRefresh":false,"showFog":true,"showSkybox":true,"showFlares":true,"showImageEffects":true,"showParticleSystems":true,"showVisualEffectGraphs":true,"m_FxEnabled":true},"in2DMode":false,"pivot":{"x":1.0884677171707154,"y":-1.1081643104553223,"z":30.468982696533204},"rotation":{"x":0.1280314326286316,"y":0.014875981025397778,"z":-0.0019206703873351217,"w":0.9916568994522095},"size":12.704214096069336,"orthographic":false}