{"cameraMode":{"drawMode":0,"name":"Shaded","section":"Shading Mode"},"sceneLighting":false,"audioPlay":false,"sceneViewState":{"m_AlwaysRefresh":false,"showFog":true,"showSkybox":false,"showFlares":true,"showImageEffects":true,"showParticleSystems":true,"showVisualEffectGraphs":true,"m_FxEnabled":true},"in2DMode":false,"pivot":{"x":0.9621665477752686,"y":0.5132715702056885,"z":7.630810737609863},"rotation":{"x":0.23705829679965974,"y":0.39507952332496645,"z":-0.10628892481327057,"w":0.8811512589454651},"size":3.216200590133667,"orthographic":false}