{"cameraMode":{"drawMode":0,"name":"Shaded","section":"Shading Mode"},"sceneLighting":false,"audioPlay":false,"sceneViewState":{"m_AlwaysRefresh":false,"showFog":true,"showSkybox":false,"showFlares":true,"showImageEffects":true,"showParticleSystems":true,"showVisualEffectGraphs":true,"m_FxEnabled":true},"in2DMode":false,"pivot":{"x":0.3164334297180176,"y":1.6246249675750733,"z":-0.02716773748397827},"rotation":{"x":-0.08751985430717468,"y":0.8283582925796509,"z":0.1351199895143509,"w":0.5365810394287109},"size":2.134972095489502,"orthographic":false}