{"cameraMode":{"drawMode":0,"name":"Shaded","section":"Shading Mode"},"sceneLighting":false,"audioPlay":false,"sceneViewState":{"m_AlwaysRefresh":false,"showFog":true,"showSkybox":false,"showFlares":true,"showImageEffects":true,"showParticleSystems":true,"showVisualEffectGraphs":true,"m_FxEnabled":true},"in2DMode":false,"pivot":{"x":10.989358901977539,"y":-13.06226921081543,"z":30.16051483154297},"rotation":{"x":0.45363250374794009,"y":0.057410646229982379,"z":-0.029299991205334665,"w":0.8888548016548157},"size":36.51591110229492,"orthographic":false}